<?xml version="1.0" encoding="UTF-8"?>
<!--
/**
 * Copyright © 2016 Magento. All rights reserved.
 * See COPYING.txt for license details.
 */
-->
<listing xmlns:xsi="http://www.w3.org/2001/XMLSchema-instance" xsi:noNamespaceSchemaLocation="urn:magento:module:Magento_Ui:etc/ui_configuration.xsd">
    <argument name="data" xsi:type="array">
        <item name="js_config" xsi:type="array">
            <item name="provider" xsi:type="string">product_listing.product_listing_data_source</item>
            <item name="deps" xsi:type="string">product_listing.product_listing_data_source</item>
        </item>
        <item name="spinner" xsi:type="string">product_columns</item>
    </argument>
    <dataSource name="product_listing_data_source">
        <argument name="dataProvider" xsi:type="configurableObject">
            <argument name="class" xsi:type="string">Magento\Catalog\Ui\DataProvider\Product\ProductDataProvider</argument>
            <argument name="name" xsi:type="string">product_listing_data_source</argument>
            <argument name="primaryFieldName" xsi:type="string">entity_id</argument>
            <argument name="requestFieldName" xsi:type="string">id</argument>
            <argument name="data" xsi:type="array">
                <item name="config" xsi:type="array">
                    <item name="update_url" xsi:type="url" path="mui/index/render"/>
                </item>
            </argument>
        </argument>
        <argument name="data" xsi:type="array">
            <item name="js_config" xsi:type="array">
                <item name="component" xsi:type="string">Magento_Ui/js/grid/provider</item>
            </item>
        </argument>
    </dataSource>
    <container name="listing_top">
        <argument name="data" xsi:type="array">
            <item name="config" xsi:type="array">
                <item name="template" xsi:type="string">ui/grid/toolbar</item>
            </item>
        </argument>
        <bookmark name="bookmarks">
            <argument name="data" xsi:type="array">
                <item name="config" xsi:type="array">
                    <item name="storageConfig" xsi:type="array">
                        <item name="namespace" xsi:type="string">product_listing</item>
                    </item>
                </item>
            </argument>
        </bookmark>
        <component name="columns_controls">
            <argument name="data" xsi:type="array">
                <item name="config" xsi:type="array">
                    <item name="component" xsi:type="string">Magento_Ui/js/grid/controls/columns</item>
                    <item name="displayArea" xsi:type="string">dataGridActions</item>
                    <item name="columnsData" xsi:type="array">
                        <item name="provider" xsi:type="string">product_listing.product_listing.product_columns</item>
                    </item>
                </item>
            </argument>
        </component>
        <filters name="listing_filters">
            <argument name="data" xsi:type="array">
                <item name="config" xsi:type="array">
                    <item name="columnsProvider" xsi:type="string">product_listing.product_listing.product_columns</item>
                    <item name="storageConfig" xsi:type="array">
                        <item name="provider" xsi:type="string">product_listing.product_listing.listing_top.bookmarks</item>
                        <item name="namespace" xsi:type="string">current.filters</item>
                    </item>
                </item>
            </argument>
            <filterSelect name="store_id">
                <argument name="optionsProvider" xsi:type="configurableObject">
                    <argument name="class" xsi:type="string">Magento\Store\Ui\Component\Listing\Column\Store\Options</argument>
                </argument>
                <argument name="data" xsi:type="array">
                    <item name="config" xsi:type="array">
                        <item name="provider" xsi:type="string">product_listing.product_listing.listing_top.listing_filters</item>
                        <item name="dataScope" xsi:type="string">store_id</item>
                        <item name="caption" xsi:type="string" translate="true">All Store Views</item>
                        <item name="label" xsi:type="string" translate="true">Store View</item>
                    </item>
                </argument>
            </filterSelect>
        </filters>
        <massaction name="listing_massaction">
            <argument name="data" xsi:type="array">
                <item name="config" xsi:type="array">
                    <item name="selectProvider" xsi:type="string">product_listing.product_listing.product_columns.ids</item>
                    <item name="component" xsi:type="string">Magento_Ui/js/grid/tree-massactions</item>
                    <item name="indexField" xsi:type="string">entity_id</item>
                </item>
            </argument>
            <action name="delete">
                <argument name="data" xsi:type="array">
                    <item name="config" xsi:type="array">
                        <item name="confirm" xsi:type="array">
                            <item name="title" xsi:type="string" translate="true">Delete items</item>
                            <item name="message" xsi:type="string" translate="true">Delete selected items?</item>
                        </item>
                        <item name="type" xsi:type="string">delete</item>
                        <item name="label" xsi:type="string" translate="true">Delete</item>
                        <item name="url" xsi:type="url" path="catalog/product/massDelete"/>
                    </item>
                </argument>
            </action>
            <action name="status">
                <argument name="data" xsi:type="array">
                    <item name="config" xsi:type="array">
                        <item name="type" xsi:type="string">status</item>
                        <item name="label" xsi:type="string" translate="true">Change status</item>
                    </item>
                </argument>
                <argument name="actions" xsi:type="array">
                    <item name="0" xsi:type="array">
                        <item name="type" xsi:type="string">enable</item>
                        <item name="label" xsi:type="string" translate="true">Enable</item>
                        <item name="url" xsi:type="url" path="catalog/product/massStatus">
                            <param name="status">1</param>
                        </item>
                    </item>
                    <item name="1" xsi:type="array">
                        <item name="type" xsi:type="string">disable</item>
                        <item name="label" xsi:type="string" translate="true">Disable</item>
                        <item name="url" xsi:type="url" path="catalog/product/massStatus">
                            <param name="status">2</param>
                        </item>
                    </item>
                </argument>
            </action>
            <action name="attributes">
                <argument name="data" xsi:type="array">
                    <item name="config" xsi:type="array">
                        <item name="type" xsi:type="string">attributes</item>
                        <item name="label" xsi:type="string" translate="true">Update attributes</item>
                        <item name="url" xsi:type="url" path="catalog/product_action_attribute/edit"/>
                    </item>
                </argument>
            </action>
        </massaction>
        <paging name="listing_paging">
            <argument name="data" xsi:type="array">
                <item name="config" xsi:type="array">
                    <item name="selectProvider" xsi:type="string">product_listing.product_listing.product_columns.ids</item>
                    <item name="storageConfig" xsi:type="array">
                        <item name="provider" xsi:type="string">product_listing.product_listing.listing_top.bookmarks</item>
                        <item name="namespace" xsi:type="string">current.paging</item>
                    </item>
                </item>
            </argument>
        </paging>
    </container>
    <columns name="product_columns" class="Magento\Catalog\Ui\Component\Listing\Columns">
        <argument name="data" xsi:type="array">
            <item name="config" xsi:type="array">
                <item name="storageConfig" xsi:type="array">
                    <item name="provider" xsi:type="string">product_listing.product_listing.listing_top.bookmarks</item>
                    <item name="namespace" xsi:type="string">current</item>
                </item>
                <item name="childDefaults" xsi:type="array">
                    <item name="fieldAction" xsi:type="array">
                        <item name="provider" xsi:type="string">product_listing.product_listing.product_columns.actions</item>
                        <item name="target" xsi:type="string">applyAction</item>
                        <item name="params" xsi:type="array">
                            <item name="0" xsi:type="string">edit</item>
                            <item name="1" xsi:type="string">${ $.$data.rowIndex }</item>
                        </item>
                    </item>
                    <item name="storageConfig" xsi:type="array">
                        <item name="provider" xsi:type="string">product_listing.product_listing.listing_top.bookmarks</item>
                        <item name="root" xsi:type="string">columns.${ $.index }</item>
                        <item name="namespace" xsi:type="string">current.${ $.storageConfig.root}</item>
                    </item>
                </item>
            </item>
        </argument>
        <selectionsColumn name="ids">
            <argument name="data" xsi:type="array">
                <item name="config" xsi:type="array">
                    <item name="indexField" xsi:type="string">entity_id</item>
                    <item name="sortOrder" xsi:type="number">0</item>
                </item>
            </argument>
        </selectionsColumn>
        <column name="entity_id">
            <argument name="data" xsi:type="array">
                <item name="config" xsi:type="array">
                    <item name="filter" xsi:type="string">textRange</item>
                    <item name="sorting" xsi:type="string">asc</item>
                    <item name="label" xsi:type="string" translate="true">ID</item>
                    <item name="sortOrder" xsi:type="number">10</item>
                </item>
            </argument>
        </column>
        <column name="thumbnail" class="Magento\Catalog\Ui\Component\Listing\Columns\Thumbnail">
            <argument name="data" xsi:type="array">
                <item name="config" xsi:type="array">
                    <item name="component" xsi:type="string">Magento_Ui/js/grid/columns/thumbnail</item>
                    <item name="add_field" xsi:type="boolean">true</item>
                    <item name="sortable" xsi:type="boolean">false</item>
                    <item name="altField" xsi:type="string">name</item>
                    <item name="has_preview" xsi:type="string">1</item>
                    <item name="label" xsi:type="string" translate="true">Thumbnail</item>
                    <item name="sortOrder" xsi:type="number">20</item>
                </item>
            </argument>
        </column>
        <column name="name">
            <argument name="data" xsi:type="array">
                <item name="config" xsi:type="array">
                    <item name="filter" xsi:type="string">text</item>
                    <item name="add_field" xsi:type="boolean">true</item>
                    <item name="label" xsi:type="string" translate="true">Name</item>
                    <item name="sortOrder" xsi:type="number">30</item>
                </item>
            </argument>
        </column>
        <column name="type_id">
            <argument name="data" xsi:type="array">
                <item name="options" xsi:type="object">Magento\Catalog\Model\Product\Type</item>
                <item name="config" xsi:type="array">
                    <item name="filter" xsi:type="string">select</item>
                    <item name="component" xsi:type="string">Magento_Ui/js/grid/columns/select</item>
                    <item name="dataType" xsi:type="string">select</item>
                    <item name="label" xsi:type="string" translate="true">Type</item>
                    <item name="sortOrder" xsi:type="number">40</item>
                </item>
            </argument>
        </column>
        <column name="attribute_set_id">
            <argument name="data" xsi:type="array">
                <item name="options" xsi:type="object">Magento\Catalog\Model\Product\AttributeSet\Options</item>
                <item name="config" xsi:type="array">
                    <item name="filter" xsi:type="string">select</item>
                    <item name="component" xsi:type="string">Magento_Ui/js/grid/columns/select</item>
                    <item name="dataType" xsi:type="string">select</item>
                    <item name="label" xsi:type="string" translate="true">Attribute Set</item>
                    <item name="sortOrder" xsi:type="number">50</item>
                </item>
            </argument>
        </column>
        <column name="sku">
            <argument name="data" xsi:type="array">
                <item name="config" xsi:type="array">
                    <item name="filter" xsi:type="string">text</item>
                    <item name="label" xsi:type="string" translate="true">SKU</item>
                    <item name="sortOrder" xsi:type="number">60</item>
                </item>
            </argument>
        </column>
        <column name="price" class="Magento\Catalog\Ui\Component\Listing\Columns\Price">
            <argument name="data" xsi:type="array">
                <item name="config" xsi:type="array">
                    <item name="filter" xsi:type="string">textRange</item>
                    <item name="add_field" xsi:type="boolean">true</item>
                    <item name="label" xsi:type="string" translate="true">Price</item>
                    <item name="sortOrder" xsi:type="number">70</item>
                </item>
            </argument>
        </column>
        <column name="visibility">
            <argument name="data" xsi:type="array">
                <item name="options" xsi:type="object">Magento\Catalog\Model\Product\Visibility</item>
                <item name="config" xsi:type="array">
                    <item name="filter" xsi:type="string">select</item>
                    <item name="component" xsi:type="string">Magento_Ui/js/grid/columns/select</item>
                    <item name="add_field" xsi:type="boolean">true</item>
                    <item name="dataType" xsi:type="string">select</item>
                    <item name="label" xsi:type="string" translate="true">Visibility</item>
                    <item name="sortOrder" xsi:type="number">80</item>
                </item>
            </argument>
        </column>
        <column name="status">
            <argument name="data" xsi:type="array">
                <item name="options" xsi:type="object">Magento\Catalog\Model\Product\Attribute\Source\Status</item>
                <item name="config" xsi:type="array">
                    <item name="filter" xsi:type="string">select</item>
                    <item name="component" xsi:type="string">Magento_Ui/js/grid/columns/select</item>
                    <item name="add_field" xsi:type="boolean">true</item>
                    <item name="dataType" xsi:type="string">select</item>
                    <item name="label" xsi:type="string" translate="true">Status</item>
                    <item name="sortOrder" xsi:type="number">90</item>
                </item>
            </argument>
        </column>
        <column name="websites">
            <argument name="data" xsi:type="array">
                <item name="options" xsi:type="object">Magento\Store\Model\ResourceModel\Website\Collection</item>
                <item name="config" xsi:type="array">
                    <item name="component" xsi:type="string">Magento_Ui/js/grid/columns/select</item>
                    <item name="add_field" xsi:type="boolean">true</item>
                    <item name="dataType" xsi:type="string">select</item>
                    <item name="label" xsi:type="string" translate="true">Websites</item>
                    <item name="sortOrder" xsi:type="number">100</item>
                </item>
            </argument>
        </column>
        <actionsColumn name="actions" class="Magento\Catalog\Ui\Component\Listing\Columns\ProductActions">
            <argument name="data" xsi:type="array">
                <item name="config" xsi:type="array">
                    <item name="indexField" xsi:type="string">entity_id</item>
                    <item name="sortOrder" xsi:type="number">200</item>
                </item>
            </argument>
        </actionsColumn>
    </columns>
</listing>
